INSERT INTO "accounts" VALUES('ab4bfbf0-9231-11de-8a39-0800200c9a66','jeff','0b9c2625dc21ef05f6ad4ddf47c5f203837aa32c',1,1, datetime('now'), datetime('now'));
INSERT INTO "accounts" VALUES('f2aa9401-9239-11de-8a39-0800200c9a66','yanis','0b9c2625dc21ef05f6ad4ddf47c5f203837aa32c',1,1, datetime('now'), datetime('now'));
INSERT INTO "accounts" VALUES('f2aa9402-9239-11de-8a39-0800200c9a66','nico','0b9c2625dc21ef05f6ad4ddf47c5f203837aa32c',1,1, datetime('now'), datetime('now'));
INSERT INTO "accounts" VALUES('f2aa9403-9239-11de-8a39-0800200c9a66','aurel','0b9c2625dc21ef05f6ad4ddf47c5f203837aa32c',1,1, datetime('now'), datetime('now'));
INSERT INTO "accounts" VALUES('f2aa9404-9239-11de-8a39-0800200c9a66','tonton','0b9c2625dc21ef05f6ad4ddf47c5f203837aa32c',1,1, datetime('now'), datetime('now'));
INSERT INTO "accounts" VALUES('f2aa9405-9239-11de-8a39-0800200c9a66','booba','0b9c2625dc21ef05f6ad4ddf47c5f203837aa32c',1,1, datetime('now'), datetime('now'));
INSERT INTO "accounts" VALUES('f2aa9406-9239-11de-8a39-0800200c9a66','pilu','0b9c2625dc21ef05f6ad4ddf47c5f203837aa32c',1,1, datetime('now'), datetime('now'));
INSERT INTO "accounts" VALUES('f2aa9407-9239-11de-8a39-0800200c9a66','pj','0b9c2625dc21ef05f6ad4ddf47c5f203837aa32c',1,1, datetime('now'), datetime('now'));

INSERT INTO "groups" VALUES('f2aa93fa-9239-11de-8a39-0800200c9a66','Familly','', datetime('now'), datetime('now'));
INSERT INTO "groups" VALUES('f2aa93fb-9239-11de-8a39-0800200c9a66','Friends-USA','', datetime('now'), datetime('now'));
INSERT INTO "groups" VALUES('f2aa93fc-9239-11de-8a39-0800200c9a66','Friends-Bahrain','', datetime('now'), datetime('now'));
INSERT INTO "groups" VALUES('f2aa93fe-9239-11de-8a39-0800200c9a66','Network','', datetime('now'), datetime('now'));
INSERT INTO "groups" VALUES('f2aa93ff-9239-11de-8a39-0800200c9a66','Other','', datetime('now'), datetime('now'));
INSERT INTO "groups" VALUES('f2aa93f8-9239-11de-8a39-0800200c9a66','Florida','f2aa93fb-9239-11de-8a39-0800200c9a66', datetime('now'), datetime('now'));
INSERT INTO "groups" VALUES('f2aa93f9-9239-11de-8a39-0800200c9a66','California','f2aa93fb-9239-11de-8a39-0800200c9a66', datetime('now'), datetime('now'));

INSERT INTO "accounts_groups" VALUES('idAccountGroup', 'ab4bfbf0-9231-11de-8a39-0800200c9a66','f2aa93fa-9239-11de-8a39-0800200c9a66', datetime('now'), datetime('now'));

INSERT INTO "accounts_informations" VALUES('idAccountInformation', 'ab4bfbf0-9231-11de-8a39-0800200c9a66', 'Mail', "team@lightbird.fr", datetime('now'), datetime('now'));

INSERT INTO "collections" VALUES('94dfdce0-9233-11de-8a39-0800200c9a66','Playlist -Chilili-','','ab4bfbf0-9231-11de-8a39-0800200c9a66',datetime('now'), datetime('now'));

INSERT INTO "directories" VALUES('94dfdce1-9233-11de-8a39-0800200c9a66','blurp','','ab4bfbf0-9231-11de-8a39-0800200c9a66', datetime('now'), datetime('now'));
INSERT INTO "directories" VALUES('94dfdce2-9233-11de-8a39-0800200c9a66','toto','94dfdce1-9233-11de-8a39-0800200c9a66','ab4bfbf0-9231-11de-8a39-0800200c9a66',datetime('now'), datetime('now'));

INSERT INTO "files" VALUES('94dfdce3-9233-11de-8a39-0800200c9a66','toto','avi','/tutu/toto.avi','94dfdce2-9233-11de-8a39-0800200c9a66','f2aa9402-9239-11de-8a39-0800200c9a66','2010-09-15 19:34:09','2010-09-15 19:34:09');
INSERT INTO "files" VALUES('94dfdce4-9233-11de-8a39-0800200c9a66','Begin.mp3','mp3','/home/yanis/Music/Begin.mp3','94dfdce2-9233-11de-8a39-0800200c9a66','f2aa9402-9239-11de-8a39-0800200c9a66','2010-09-15 19:34:09','2010-09-15 19:34:09');
INSERT INTO "files" VALUES('94dfdce5-9233-11de-8a39-0800200c9a66','Pa_laDisco.mp3','mp3','/home/yanis/Music/Pa_laDisco.mp3','94dfdce2-9233-11de-8a39-0800200c9a66','f2aa9402-9239-11de-8a39-0800200c9a66','2010-09-15 19:34:09','2010-09-15 19:34:09');
INSERT INTO "files" VALUES('94dfdce6-9233-11de-8a39-0800200c9a66','Transformers2.avi','avi','/home/yanis/Movies/Transformers2.avi','94dfdce2-9233-11de-8a39-0800200c9a66','f2aa9402-9239-11de-8a39-0800200c9a66','2010-09-15 19:34:09','2010-09-15 19:34:09');
INSERT INTO "files" VALUES('94dfdce7-9233-11de-8a39-0800200c9a66','Me_at_the_beach.jpg','jpg','/home/yanis/Pictures/Me_at_the_beach.jpg','94dfdce2-9233-11de-8a39-0800200c9a66','f2aa9402-9239-11de-8a39-0800200c9a66','2010-09-15 19:34:09','2010-09-15 19:34:09');
INSERT INTO "files" VALUES('94dfdce8-9233-11de-8a39-0800200c9a66','Presenation.pdf','pdf','/home/yanis/Document/Presentation.pdf','94dfdce2-9233-11de-8a39-0800200c9a66','f2aa9402-9239-11de-8a39-0800200c9a66','2010-09-15 19:34:09','2010-09-15 19:34:09');
INSERT INTO "files" VALUES('aea38840-87fe-11df-a4ee-0800200c9a66','trueblood-s3ep01','/Users/jeff/Desktop/True.Blood.S03E01.HDTV.XviD-NoTV.avi','avi','','f2aa9402-9239-11de-8a39-0800200c9a66','2010-09-15 19:34:09','2010-09-15 19:34:09');
INSERT INTO "files" VALUES('5bb16083-2652-4d3c-9e77-4b8bc3b2062f','image1.jpg','image1.jpg','image','','f2aa9402-9239-11de-8a39-0800200c9a66','2010-10-15 18:33:20','2010-10-15 17:38:24');
INSERT INTO "files" VALUES('b0c04b24-8153-4519-b627-4afef2a61223','image2.jpg','image2.jpg','image','','f2aa9402-9239-11de-8a39-0800200c9a66','2010-10-15 18:33:34','2010-10-15 17:38:32');
INSERT INTO "files" VALUES('b88bd471-00ca-479d-8199-6321bf52e79e','image3.jpg','image3.jpg','image','','f2aa9402-9239-11de-8a39-0800200c9a66','2010-10-15 18:33:45','2010-10-15 17:38:41');
INSERT INTO "files" VALUES('96e3cca4-65c6-42da-b0ce-aa6fca69cb90','image4.jpg','image4.jpg','image','','f2aa9402-9239-11de-8a39-0800200c9a66','2010-10-15 18:33:53','2010-10-15 17:38:50');
INSERT INTO "files" VALUES('b3a91ad8-9040-4079-82df-d2743d430b96','image5.jpg','image5.jpg','image','','f2aa9402-9239-11de-8a39-0800200c9a66','2010-10-15 18:34:04','2010-10-15 17:39:00');
INSERT INTO "files" VALUES('0024f5cc-3617-4170-8551-71c068bf5b52','image6.jpg','image6.jpg','image','','f2aa9402-9239-11de-8a39-0800200c9a66','2010-10-15 18:34:13','2010-10-15 17:39:09');
INSERT INTO "files" VALUES('88b0fd6d-53fe-4e13-b90f-eb955cf645cd','image7.jpg','image7.jpg','image','','f2aa9402-9239-11de-8a39-0800200c9a66','2010-10-15 18:34:21','2010-10-15 17:39:18');
INSERT INTO "files" VALUES('58dc43fb-3cf6-4f5b-8452-1447457d6362','image8.jpg','image8.jpg','image','','f2aa9402-9239-11de-8a39-0800200c9a66','2010-10-15 18:34:29','2010-10-15 17:39:28');
INSERT INTO "files" VALUES('3e161a3f-ce12-473e-a3ea-86800a98de9a','image9.jpg','image9.jpg','image','','f2aa9402-9239-11de-8a39-0800200c9a66','2010-10-15 18:34:39','2010-10-15 17:39:37');
INSERT INTO "files" VALUES('9f962a35-08d3-4bdf-bff6-cd4ba72f3a2f','music1.mp3','music1.mp3','audio','','f2aa9402-9239-11de-8a39-0800200c9a66','2010-10-15 18:34:47','2010-10-15 17:39:47');
INSERT INTO "files" VALUES('f61b5274-2d7c-4041-89ca-9ff4516e8439','music2.mp3','music2.mp3','audio','','f2aa9402-9239-11de-8a39-0800200c9a66','2010-10-15 18:34:55','2010-10-15 17:39:56');
INSERT INTO "files" VALUES('92d5c945-2e7e-493e-aea6-ae661385a30c','music3.mp3','music3.mp3','audio','','f2aa9402-9239-11de-8a39-0800200c9a66','2010-10-15 18:35:08','2010-10-15 17:40:39');
INSERT INTO "files" VALUES('448c4156-e340-4f4a-93a5-3cd06002f11b','music4.mp3','music4.mp3','audio','','f2aa9402-9239-11de-8a39-0800200c9a66','2010-10-15 18:35:19','2010-10-15 17:40:55');

INSERT INTO "files_collections" VALUES('idFileCollection', '94dfdce3-9233-11de-8a39-0800200c9a66','94dfdce0-9233-11de-8a39-0800200c9a66', datetime('now'), datetime('now'));

INSERT INTO "files_informations" VALUES('idFI1','94dfdce5-9233-11de-8a39-0800200c9a66','Bitrate','2048Kbits/s','2010-09-15 19:34:09','2010-09-15 19:34:09');
INSERT INTO "files_informations" VALUES('idFI2','94dfdce5-9233-11de-8a39-0800200c9a66','Artist','Daddy Yankee','2010-09-15 19:34:09','2010-09-15 19:34:09');
INSERT INTO "files_informations" VALUES('idFI3','94dfdce5-9233-11de-8a39-0800200c9a66','Producteur','Luuny Tunes','2010-09-15 19:34:09','2010-09-15 19:34:09');
INSERT INTO "files_informations" VALUES('idFI4','94dfdce5-9233-11de-8a39-0800200c9a66','Year','2006','2010-09-15 19:34:09','2010-09-15 19:34:09');
INSERT INTO "files_informations" VALUES('idFI5','94dfdce5-9233-11de-8a39-0800200c9a66','Track','2','2010-09-15 19:34:09','2010-09-15 19:34:09');
INSERT INTO "files_informations" VALUES('idFI6','94dfdce5-9233-11de-8a39-0800200c9a66','Album Name','El Cartel III','2010-09-15 19:34:09','2010-09-15 19:34:09');
INSERT INTO "files_informations" VALUES('7c6f0de0-87fe-11df-a4ee-0800200c9a66','aea38840-87fe-11df-a4ee-0800200c9a66','preview','/Users/jeff/Desktop/vlcsnap-2010-07-04-23h24m28s98.png','2010-09-15 19:34:09','2010-09-15 19:34:09');
INSERT INTO "files_informations" VALUES('c22e8035-70f8-468a-808e-fa4c45dd234e','5bb16083-2652-4d3c-9e77-4b8bc3b2062f','background color','white','2010-10-15 17:38:25','2010-10-15 17:38:25');
INSERT INTO "files_informations" VALUES('1d7a607f-e2e6-4f12-9f4f-63d66dd853b2','5bb16083-2652-4d3c-9e77-4b8bc3b2062f','blue','8-bit','2010-10-15 17:38:25','2010-10-15 17:38:25');
INSERT INTO "files_informations" VALUES('82f79caa-4401-47b2-83a6-0a5e32175f85','5bb16083-2652-4d3c-9e77-4b8bc3b2062f','colorspace','RGB','2010-10-15 17:38:25','2010-10-15 17:38:25');
INSERT INTO "files_informations" VALUES('2ff54e0f-da75-4b70-a540-83fe4a6c9b06','5bb16083-2652-4d3c-9e77-4b8bc3b2062f','compression','JPEG','2010-10-15 17:38:25','2010-10-15 17:38:25');
INSERT INTO "files_informations" VALUES('7fe5ba2e-a1c3-40cb-9710-225ddcbcbbd3','5bb16083-2652-4d3c-9e77-4b8bc3b2062f','depth','8-bit','2010-10-15 17:38:25','2010-10-15 17:38:25');
INSERT INTO "files_informations" VALUES('99298c79-06b0-4a60-a6a2-15abaf6136ad','5bb16083-2652-4d3c-9e77-4b8bc3b2062f','extension','jpg','2010-10-15 17:38:25','2010-10-15 17:38:25');
INSERT INTO "files_informations" VALUES('7765d34a-4420-4667-a446-05dad6e93be2','5bb16083-2652-4d3c-9e77-4b8bc3b2062f','format','JPEG','2010-10-15 17:38:25','2010-10-15 17:38:25');
INSERT INTO "files_informations" VALUES('9a44fead-b323-48ae-a2d1-db0a424538f1','5bb16083-2652-4d3c-9e77-4b8bc3b2062f','format name','Joint Photographic Experts Group JFIF format','2010-10-15 17:38:25','2010-10-15 17:38:25');
INSERT INTO "files_informations" VALUES('0159f458-a017-4371-85b0-81fedf3804e1','5bb16083-2652-4d3c-9e77-4b8bc3b2062f','green','8-bit','2010-10-15 17:38:25','2010-10-15 17:38:25');
INSERT INTO "files_informations" VALUES('179f4cb6-b0d8-4277-a0e3-575a47aace02','5bb16083-2652-4d3c-9e77-4b8bc3b2062f','height','253','2010-10-15 17:38:25','2010-10-15 17:38:25');
INSERT INTO "files_informations" VALUES('1a91b4e1-4561-4ce0-9c70-fd176f1fb7d0','5bb16083-2652-4d3c-9e77-4b8bc3b2062f','mime','image/jpeg','2010-10-15 17:38:25','2010-10-15 17:38:25');
INSERT INTO "files_informations" VALUES('e8b71c96-19cb-4680-aca8-8e682e806954','5bb16083-2652-4d3c-9e77-4b8bc3b2062f','pixels','57.4K','2010-10-15 17:38:25','2010-10-15 17:38:25');
INSERT INTO "files_informations" VALUES('99ad0f34-04cf-440c-8acc-d2b573a863e7','5bb16083-2652-4d3c-9e77-4b8bc3b2062f','print size','3.15278x3.51389','2010-10-15 17:38:25','2010-10-15 17:38:25');
INSERT INTO "files_informations" VALUES('488b1b6a-5f9e-45a2-afa8-742aa0ed51d3','5bb16083-2652-4d3c-9e77-4b8bc3b2062f','quality','93','2010-10-15 17:38:25','2010-10-15 17:38:25');
INSERT INTO "files_informations" VALUES('e0cd4bae-0609-444e-9344-eaddb32fd84b','5bb16083-2652-4d3c-9e77-4b8bc3b2062f','red','8-bit','2010-10-15 17:38:25','2010-10-15 17:38:25');
INSERT INTO "files_informations" VALUES('c63931bb-40a7-4eb6-97e8-3d20eee36bd5','5bb16083-2652-4d3c-9e77-4b8bc3b2062f','resolution','72x72','2010-10-15 17:38:25','2010-10-15 17:38:25');
INSERT INTO "files_informations" VALUES('709bce3b-2a2d-449f-9bf7-d33ec82be7da','5bb16083-2652-4d3c-9e77-4b8bc3b2062f','size','11950','2010-10-15 17:38:25','2010-10-15 17:38:25');
INSERT INTO "files_informations" VALUES('e3012119-b644-4420-82e4-f20a1bb4a74e','5bb16083-2652-4d3c-9e77-4b8bc3b2062f','transparent color','black','2010-10-15 17:38:25','2010-10-15 17:38:25');
INSERT INTO "files_informations" VALUES('ac663e4e-106f-4b39-b3a4-2ea2bcbd0a5b','5bb16083-2652-4d3c-9e77-4b8bc3b2062f','width','227','2010-10-15 17:38:25','2010-10-15 17:38:25');
INSERT INTO "files_informations" VALUES('c01ace70-c106-4ea5-9a21-30408ac7cd7a','b0c04b24-8153-4519-b627-4afef2a61223','background color','white','2010-10-15 17:38:34','2010-10-15 17:38:34');
INSERT INTO "files_informations" VALUES('853b6956-a28f-41d0-a937-df8943d03e9a','b0c04b24-8153-4519-b627-4afef2a61223','blue','8-bit','2010-10-15 17:38:34','2010-10-15 17:38:34');
INSERT INTO "files_informations" VALUES('0e9c7863-b2d7-4004-b96d-2e61e9dbb242','b0c04b24-8153-4519-b627-4afef2a61223','colorspace','RGB','2010-10-15 17:38:34','2010-10-15 17:38:34');
INSERT INTO "files_informations" VALUES('f24edbe9-6077-4980-8616-3e9aa7383890','b0c04b24-8153-4519-b627-4afef2a61223','compression','JPEG','2010-10-15 17:38:34','2010-10-15 17:38:34');
INSERT INTO "files_informations" VALUES('c3ff72c5-98a6-465e-a7ee-d3b1bbf94a62','b0c04b24-8153-4519-b627-4afef2a61223','depth','8-bit','2010-10-15 17:38:34','2010-10-15 17:38:34');
INSERT INTO "files_informations" VALUES('7f05f89c-6022-4f34-b1f5-88d35cc01bfc','b0c04b24-8153-4519-b627-4afef2a61223','extension','jpg','2010-10-15 17:38:34','2010-10-15 17:38:34');
INSERT INTO "files_informations" VALUES('649e1cce-94ac-4a49-8893-af1af35dd6a3','b0c04b24-8153-4519-b627-4afef2a61223','format','JPEG','2010-10-15 17:38:34','2010-10-15 17:38:34');
INSERT INTO "files_informations" VALUES('194696db-7044-42f7-856b-ef8aabf06739','b0c04b24-8153-4519-b627-4afef2a61223','format name','Joint Photographic Experts Group JFIF format','2010-10-15 17:38:34','2010-10-15 17:38:34');
INSERT INTO "files_informations" VALUES('1525ab1c-1d8b-4587-b24c-e4203944e90a','b0c04b24-8153-4519-b627-4afef2a61223','green','8-bit','2010-10-15 17:38:34','2010-10-15 17:38:34');
INSERT INTO "files_informations" VALUES('210b34fe-5de2-41b2-805c-e755cf0f7cbf','b0c04b24-8153-4519-b627-4afef2a61223','height','2736','2010-10-15 17:38:34','2010-10-15 17:38:34');
INSERT INTO "files_informations" VALUES('5198f80b-2d4b-438b-88f5-3c7d83c6d8b1','b0c04b24-8153-4519-b627-4afef2a61223','mime','image/jpeg','2010-10-15 17:38:34','2010-10-15 17:38:34');
INSERT INTO "files_informations" VALUES('b153a9e1-f98b-4b9c-b1e4-340414a67e4c','b0c04b24-8153-4519-b627-4afef2a61223','pixels','9.981M','2010-10-15 17:38:34','2010-10-15 17:38:34');
INSERT INTO "files_informations" VALUES('5ac3fb66-892d-4cf5-9cfc-3e203506e227','b0c04b24-8153-4519-b627-4afef2a61223','print size','20.2667x15.2','2010-10-15 17:38:34','2010-10-15 17:38:34');
INSERT INTO "files_informations" VALUES('a2de2f97-58ff-452f-b36f-94dbd205549c','b0c04b24-8153-4519-b627-4afef2a61223','quality','99','2010-10-15 17:38:34','2010-10-15 17:38:34');
INSERT INTO "files_informations" VALUES('6671a3d4-8450-498c-be5d-23a61a35f3e7','b0c04b24-8153-4519-b627-4afef2a61223','red','8-bit','2010-10-15 17:38:34','2010-10-15 17:38:34');
INSERT INTO "files_informations" VALUES('00dbf090-872c-42ed-9eb8-ae5f9e11c43b','b0c04b24-8153-4519-b627-4afef2a61223','resolution','180x180','2010-10-15 17:38:34','2010-10-15 17:38:34');
INSERT INTO "files_informations" VALUES('db6685c9-4640-4cb8-a0a0-cf428a5842ee','b0c04b24-8153-4519-b627-4afef2a61223','size','4707325','2010-10-15 17:38:34','2010-10-15 17:38:34');
INSERT INTO "files_informations" VALUES('fdaf85ec-c481-4fbb-9eed-250cbd72623c','b0c04b24-8153-4519-b627-4afef2a61223','transparent color','black','2010-10-15 17:38:34','2010-10-15 17:38:34');
INSERT INTO "files_informations" VALUES('9e77d273-04bb-4d79-b238-6ea90256458e','b0c04b24-8153-4519-b627-4afef2a61223','width','3648','2010-10-15 17:38:34','2010-10-15 17:38:34');
INSERT INTO "files_informations" VALUES('42afdd83-0d14-4c0a-a784-bf848a2be6c1','b88bd471-00ca-479d-8199-6321bf52e79e','background color','white','2010-10-15 17:38:43','2010-10-15 17:38:43');
INSERT INTO "files_informations" VALUES('065622de-4a3e-430a-8daa-cd633e0df7ed','b88bd471-00ca-479d-8199-6321bf52e79e','blue','8-bit','2010-10-15 17:38:43','2010-10-15 17:38:43');
INSERT INTO "files_informations" VALUES('3b3d1039-d94c-4e45-8971-99f587d950e3','b88bd471-00ca-479d-8199-6321bf52e79e','colorspace','RGB','2010-10-15 17:38:43','2010-10-15 17:38:43');
INSERT INTO "files_informations" VALUES('9737d567-b14c-4c4a-ae59-d5057be100a6','b88bd471-00ca-479d-8199-6321bf52e79e','compression','JPEG','2010-10-15 17:38:43','2010-10-15 17:38:43');
INSERT INTO "files_informations" VALUES('6422cd57-45d8-4dea-9935-52d000bba8d8','b88bd471-00ca-479d-8199-6321bf52e79e','depth','8-bit','2010-10-15 17:38:43','2010-10-15 17:38:43');
INSERT INTO "files_informations" VALUES('f1a243d5-389f-45cb-9d65-3bd5ccf38d6d','b88bd471-00ca-479d-8199-6321bf52e79e','extension','jpg','2010-10-15 17:38:43','2010-10-15 17:38:43');
INSERT INTO "files_informations" VALUES('2837389d-5ff8-4ebf-a4cf-26e4cb5a1311','b88bd471-00ca-479d-8199-6321bf52e79e','format','JPEG','2010-10-15 17:38:43','2010-10-15 17:38:43');
INSERT INTO "files_informations" VALUES('e6e0d009-bd5e-487a-95f2-2f2e8f6ed8ab','b88bd471-00ca-479d-8199-6321bf52e79e','format name','Joint Photographic Experts Group JFIF format','2010-10-15 17:38:43','2010-10-15 17:38:43');
INSERT INTO "files_informations" VALUES('fdf4ac77-7d89-4aab-a601-a6b5166b2d0f','b88bd471-00ca-479d-8199-6321bf52e79e','green','8-bit','2010-10-15 17:38:43','2010-10-15 17:38:43');
INSERT INTO "files_informations" VALUES('466d8e7a-7d38-4d8b-9dca-5a6c7608bdfe','b88bd471-00ca-479d-8199-6321bf52e79e','height','2736','2010-10-15 17:38:43','2010-10-15 17:38:43');
INSERT INTO "files_informations" VALUES('9a75f16c-e697-4b39-b70f-dc5e3019c11f','b88bd471-00ca-479d-8199-6321bf52e79e','mime','image/jpeg','2010-10-15 17:38:43','2010-10-15 17:38:43');
INSERT INTO "files_informations" VALUES('abb85c54-b2b1-4aa1-831c-c0c0c85a65b7','b88bd471-00ca-479d-8199-6321bf52e79e','pixels','9.981M','2010-10-15 17:38:43','2010-10-15 17:38:43');
INSERT INTO "files_informations" VALUES('da989094-f07e-4e27-b994-4153038b0d72','b88bd471-00ca-479d-8199-6321bf52e79e','print size','20.2667x15.2','2010-10-15 17:38:43','2010-10-15 17:38:43');
INSERT INTO "files_informations" VALUES('61a1ed94-ad3f-4909-b7fb-2071154ee8ab','b88bd471-00ca-479d-8199-6321bf52e79e','quality','99','2010-10-15 17:38:43','2010-10-15 17:38:43');
INSERT INTO "files_informations" VALUES('20a993d2-7a3c-4119-9c8c-19e9d9ac3fc4','b88bd471-00ca-479d-8199-6321bf52e79e','red','8-bit','2010-10-15 17:38:43','2010-10-15 17:38:43');
INSERT INTO "files_informations" VALUES('7110d952-66ca-47ca-929e-6e5ada98c00b','b88bd471-00ca-479d-8199-6321bf52e79e','resolution','180x180','2010-10-15 17:38:43','2010-10-15 17:38:43');
INSERT INTO "files_informations" VALUES('74677dad-b9e7-40a4-9840-3f44276a59b0','b88bd471-00ca-479d-8199-6321bf52e79e','size','4790307','2010-10-15 17:38:43','2010-10-15 17:38:43');
INSERT INTO "files_informations" VALUES('d8925f4b-4a7b-4883-a2aa-ecaede56cb2e','b88bd471-00ca-479d-8199-6321bf52e79e','transparent color','black','2010-10-15 17:38:43','2010-10-15 17:38:43');
INSERT INTO "files_informations" VALUES('a209c603-6268-43df-9263-a7524101b10b','b88bd471-00ca-479d-8199-6321bf52e79e','width','3648','2010-10-15 17:38:43','2010-10-15 17:38:43');
INSERT INTO "files_informations" VALUES('f3a99023-d626-4fc0-a090-101ed2a1248b','96e3cca4-65c6-42da-b0ce-aa6fca69cb90','background color','white','2010-10-15 17:38:52','2010-10-15 17:38:52');
INSERT INTO "files_informations" VALUES('3f3ecdb2-528d-4414-aea7-7bc8adc38f45','96e3cca4-65c6-42da-b0ce-aa6fca69cb90','blue','8-bit','2010-10-15 17:38:52','2010-10-15 17:38:52');
INSERT INTO "files_informations" VALUES('1373ff1c-313c-4bcd-8844-96f677fa0437','96e3cca4-65c6-42da-b0ce-aa6fca69cb90','colorspace','RGB','2010-10-15 17:38:52','2010-10-15 17:38:52');
INSERT INTO "files_informations" VALUES('99f721d2-c8db-43fc-ad2d-c29550de62bb','96e3cca4-65c6-42da-b0ce-aa6fca69cb90','compression','JPEG','2010-10-15 17:38:53','2010-10-15 17:38:53');
INSERT INTO "files_informations" VALUES('62eb3fb7-50c3-4a2a-a12b-3b335e27d029','96e3cca4-65c6-42da-b0ce-aa6fca69cb90','depth','8-bit','2010-10-15 17:38:53','2010-10-15 17:38:53');
INSERT INTO "files_informations" VALUES('d8c2795d-88af-4eed-bf0e-1c11b5433bea','96e3cca4-65c6-42da-b0ce-aa6fca69cb90','extension','jpg','2010-10-15 17:38:53','2010-10-15 17:38:53');
INSERT INTO "files_informations" VALUES('1c977201-be0d-4b7c-af03-b397c0fb06a8','96e3cca4-65c6-42da-b0ce-aa6fca69cb90','format','JPEG','2010-10-15 17:38:53','2010-10-15 17:38:53');
INSERT INTO "files_informations" VALUES('6ed15bc9-c189-4778-bcc7-be0a176db654','96e3cca4-65c6-42da-b0ce-aa6fca69cb90','format name','Joint Photographic Experts Group JFIF format','2010-10-15 17:38:53','2010-10-15 17:38:53');
INSERT INTO "files_informations" VALUES('8b3dda23-4188-4bc4-976c-6dd8a15e68f3','96e3cca4-65c6-42da-b0ce-aa6fca69cb90','green','8-bit','2010-10-15 17:38:53','2010-10-15 17:38:53');
INSERT INTO "files_informations" VALUES('debc0ed4-19f8-48c3-9bfa-966dba05af51','96e3cca4-65c6-42da-b0ce-aa6fca69cb90','height','2736','2010-10-15 17:38:53','2010-10-15 17:38:53');
INSERT INTO "files_informations" VALUES('91d36911-51ec-46ec-8a41-c478ad77d5b8','96e3cca4-65c6-42da-b0ce-aa6fca69cb90','mime','image/jpeg','2010-10-15 17:38:53','2010-10-15 17:38:53');
INSERT INTO "files_informations" VALUES('fe4a4ad5-0b10-4fbd-a6e6-3eb8fbe896fa','96e3cca4-65c6-42da-b0ce-aa6fca69cb90','pixels','9.981M','2010-10-15 17:38:53','2010-10-15 17:38:53');
INSERT INTO "files_informations" VALUES('3b83e75c-c1e8-4288-8b4b-23c81695fb35','96e3cca4-65c6-42da-b0ce-aa6fca69cb90','print size','20.2667x15.2','2010-10-15 17:38:53','2010-10-15 17:38:53');
INSERT INTO "files_informations" VALUES('93d8f80c-83e4-42f6-8209-6cb6047b9610','96e3cca4-65c6-42da-b0ce-aa6fca69cb90','quality','99','2010-10-15 17:38:53','2010-10-15 17:38:53');
INSERT INTO "files_informations" VALUES('91cbec1d-e1a0-4dbf-b618-6ede479dc8be','96e3cca4-65c6-42da-b0ce-aa6fca69cb90','red','8-bit','2010-10-15 17:38:53','2010-10-15 17:38:53');
INSERT INTO "files_informations" VALUES('ba8098f8-60d7-4abb-ba54-67c3c8ec4758','96e3cca4-65c6-42da-b0ce-aa6fca69cb90','resolution','180x180','2010-10-15 17:38:53','2010-10-15 17:38:53');
INSERT INTO "files_informations" VALUES('3f68b888-5f0d-4185-b8c2-edf9671f8775','96e3cca4-65c6-42da-b0ce-aa6fca69cb90','size','5407837','2010-10-15 17:38:53','2010-10-15 17:38:53');
INSERT INTO "files_informations" VALUES('e1459be6-44db-4b2e-8cae-78f6c11928f6','96e3cca4-65c6-42da-b0ce-aa6fca69cb90','transparent color','black','2010-10-15 17:38:53','2010-10-15 17:38:53');
INSERT INTO "files_informations" VALUES('9e32457c-ade7-4a7c-b6bc-55f9c0b9be96','96e3cca4-65c6-42da-b0ce-aa6fca69cb90','width','3648','2010-10-15 17:38:53','2010-10-15 17:38:53');
INSERT INTO "files_informations" VALUES('847c6aaf-c0a1-4852-ad0f-b32aa2f7e11f','b3a91ad8-9040-4079-82df-d2743d430b96','background color','white','2010-10-15 17:39:02','2010-10-15 17:39:02');
INSERT INTO "files_informations" VALUES('e1b6940f-323e-46a8-b94b-7e50969c5ac3','b3a91ad8-9040-4079-82df-d2743d430b96','blue','8-bit','2010-10-15 17:39:02','2010-10-15 17:39:02');
INSERT INTO "files_informations" VALUES('bbd955de-59b4-4680-9d82-cdcfd6d09d69','b3a91ad8-9040-4079-82df-d2743d430b96','colorspace','RGB','2010-10-15 17:39:02','2010-10-15 17:39:02');
INSERT INTO "files_informations" VALUES('43b79d58-26be-43f3-96e8-402ae0baab7b','b3a91ad8-9040-4079-82df-d2743d430b96','compression','JPEG','2010-10-15 17:39:02','2010-10-15 17:39:02');
INSERT INTO "files_informations" VALUES('e91151b8-635e-49fc-8f5b-2f5e22bf3962','b3a91ad8-9040-4079-82df-d2743d430b96','depth','8-bit','2010-10-15 17:39:02','2010-10-15 17:39:02');
INSERT INTO "files_informations" VALUES('6c9a85b7-d878-4911-a3c1-b7a5b6d135b6','b3a91ad8-9040-4079-82df-d2743d430b96','extension','jpg','2010-10-15 17:39:02','2010-10-15 17:39:02');
INSERT INTO "files_informations" VALUES('18cfff14-a866-49a1-8e17-03c0571026d5','b3a91ad8-9040-4079-82df-d2743d430b96','format','JPEG','2010-10-15 17:39:03','2010-10-15 17:39:03');
INSERT INTO "files_informations" VALUES('b1f73e59-e17a-4296-a9c0-7d8c27ee2484','b3a91ad8-9040-4079-82df-d2743d430b96','format name','Joint Photographic Experts Group JFIF format','2010-10-15 17:39:03','2010-10-15 17:39:03');
INSERT INTO "files_informations" VALUES('d97fbbeb-9b12-492e-b65f-c11d123fc728','b3a91ad8-9040-4079-82df-d2743d430b96','green','8-bit','2010-10-15 17:39:03','2010-10-15 17:39:03');
INSERT INTO "files_informations" VALUES('9f936b40-0f36-447e-9ef4-d4d0a342b7c0','b3a91ad8-9040-4079-82df-d2743d430b96','height','2736','2010-10-15 17:39:03','2010-10-15 17:39:03');
INSERT INTO "files_informations" VALUES('764230d4-3ab9-4351-9d4e-7eabcee1db5d','b3a91ad8-9040-4079-82df-d2743d430b96','mime','image/jpeg','2010-10-15 17:39:03','2010-10-15 17:39:03');
INSERT INTO "files_informations" VALUES('acf75483-b814-4035-a73f-57999bea010a','b3a91ad8-9040-4079-82df-d2743d430b96','pixels','9.981M','2010-10-15 17:39:03','2010-10-15 17:39:03');
INSERT INTO "files_informations" VALUES('06914a82-6afc-4f6a-8d6b-44ab029bf8f3','b3a91ad8-9040-4079-82df-d2743d430b96','print size','20.2667x15.2','2010-10-15 17:39:03','2010-10-15 17:39:03');
INSERT INTO "files_informations" VALUES('988b90fb-20c7-403a-b107-f479de6e5a68','b3a91ad8-9040-4079-82df-d2743d430b96','quality','99','2010-10-15 17:39:03','2010-10-15 17:39:03');
INSERT INTO "files_informations" VALUES('f84ef94a-b5da-4d48-8eea-55bae98340b1','b3a91ad8-9040-4079-82df-d2743d430b96','red','8-bit','2010-10-15 17:39:03','2010-10-15 17:39:03');
INSERT INTO "files_informations" VALUES('ea1ffa26-cac9-41df-aa2e-84c35a9cb18e','b3a91ad8-9040-4079-82df-d2743d430b96','resolution','180x180','2010-10-15 17:39:03','2010-10-15 17:39:03');
INSERT INTO "files_informations" VALUES('ccda5b6c-d754-4b1a-94bd-deeb2fa6a5ba','b3a91ad8-9040-4079-82df-d2743d430b96','size','5654492','2010-10-15 17:39:03','2010-10-15 17:39:03');
INSERT INTO "files_informations" VALUES('00e61bed-6a52-4a8d-94e3-5a5f7bebb0de','b3a91ad8-9040-4079-82df-d2743d430b96','transparent color','black','2010-10-15 17:39:03','2010-10-15 17:39:03');
INSERT INTO "files_informations" VALUES('bbc712fa-7fc0-4f00-89bf-bd4d063ebbb5','b3a91ad8-9040-4079-82df-d2743d430b96','width','3648','2010-10-15 17:39:03','2010-10-15 17:39:03');
INSERT INTO "files_informations" VALUES('64103891-eb9b-4c7e-a678-02bf3ce7e571','0024f5cc-3617-4170-8551-71c068bf5b52','background color','white','2010-10-15 17:39:11','2010-10-15 17:39:11');
INSERT INTO "files_informations" VALUES('8083b513-0e86-4a3b-a29d-d1f6e737c75e','0024f5cc-3617-4170-8551-71c068bf5b52','blue','8-bit','2010-10-15 17:39:11','2010-10-15 17:39:11');
INSERT INTO "files_informations" VALUES('0526aaf9-6766-435d-afb0-853d39f3567c','0024f5cc-3617-4170-8551-71c068bf5b52','colorspace','RGB','2010-10-15 17:39:11','2010-10-15 17:39:11');
INSERT INTO "files_informations" VALUES('3cf4d5bd-e9a7-407a-bc5a-d874e3286d0b','0024f5cc-3617-4170-8551-71c068bf5b52','compression','JPEG','2010-10-15 17:39:11','2010-10-15 17:39:11');
INSERT INTO "files_informations" VALUES('324f14a0-db7e-41b1-b70f-f1953e369501','0024f5cc-3617-4170-8551-71c068bf5b52','depth','8-bit','2010-10-15 17:39:11','2010-10-15 17:39:11');
INSERT INTO "files_informations" VALUES('ebf129ca-476c-463f-b8d5-be5e80afa7ae','0024f5cc-3617-4170-8551-71c068bf5b52','extension','jpg','2010-10-15 17:39:11','2010-10-15 17:39:11');
INSERT INTO "files_informations" VALUES('d348807b-449f-48a3-b9e7-b59c1285e409','0024f5cc-3617-4170-8551-71c068bf5b52','format','JPEG','2010-10-15 17:39:11','2010-10-15 17:39:11');
INSERT INTO "files_informations" VALUES('24a84fa6-7413-4e6b-93c7-0468060b92f7','0024f5cc-3617-4170-8551-71c068bf5b52','format name','Joint Photographic Experts Group JFIF format','2010-10-15 17:39:11','2010-10-15 17:39:11');
INSERT INTO "files_informations" VALUES('32a65053-1a17-4711-b6fe-a2d98414c3cd','0024f5cc-3617-4170-8551-71c068bf5b52','green','8-bit','2010-10-15 17:39:11','2010-10-15 17:39:11');
INSERT INTO "files_informations" VALUES('4e9803a5-bf2f-405b-b807-b1fc820d896f','0024f5cc-3617-4170-8551-71c068bf5b52','height','2736','2010-10-15 17:39:11','2010-10-15 17:39:11');
INSERT INTO "files_informations" VALUES('cb5b987c-1c5b-423a-962b-830891d8eaa6','0024f5cc-3617-4170-8551-71c068bf5b52','mime','image/jpeg','2010-10-15 17:39:11','2010-10-15 17:39:11');
INSERT INTO "files_informations" VALUES('8624dd80-3a8c-4060-a7f8-a661bc30f96f','0024f5cc-3617-4170-8551-71c068bf5b52','pixels','9.981M','2010-10-15 17:39:11','2010-10-15 17:39:11');
INSERT INTO "files_informations" VALUES('95562f15-80de-4227-bd55-3549bdd9bc1d','0024f5cc-3617-4170-8551-71c068bf5b52','print size','20.2667x15.2','2010-10-15 17:39:11','2010-10-15 17:39:11');
INSERT INTO "files_informations" VALUES('fe033cd5-2a14-431c-b8f6-dcdf77146cd5','0024f5cc-3617-4170-8551-71c068bf5b52','quality','99','2010-10-15 17:39:11','2010-10-15 17:39:11');
INSERT INTO "files_informations" VALUES('08212d4e-16d0-440e-8937-c7dff9f5bed6','0024f5cc-3617-4170-8551-71c068bf5b52','red','8-bit','2010-10-15 17:39:11','2010-10-15 17:39:11');
INSERT INTO "files_informations" VALUES('f571ea10-8505-4f3c-b772-74642e7a525e','0024f5cc-3617-4170-8551-71c068bf5b52','resolution','180x180','2010-10-15 17:39:11','2010-10-15 17:39:11');
INSERT INTO "files_informations" VALUES('7e92ffe2-ace0-4e31-bbc8-497c481ae20f','0024f5cc-3617-4170-8551-71c068bf5b52','size','4751319','2010-10-15 17:39:11','2010-10-15 17:39:11');
INSERT INTO "files_informations" VALUES('89057e7e-1bcc-4ad2-9524-d3e99141b0d6','0024f5cc-3617-4170-8551-71c068bf5b52','transparent color','black','2010-10-15 17:39:11','2010-10-15 17:39:11');
INSERT INTO "files_informations" VALUES('77dabf99-a297-45e9-a8c8-ac544fab4cbb','0024f5cc-3617-4170-8551-71c068bf5b52','width','3648','2010-10-15 17:39:11','2010-10-15 17:39:11');
INSERT INTO "files_informations" VALUES('4ee86eda-b926-4f5f-bf36-d071b120851a','88b0fd6d-53fe-4e13-b90f-eb955cf645cd','background color','white','2010-10-15 17:39:20','2010-10-15 17:39:20');
INSERT INTO "files_informations" VALUES('a9294efd-87c8-434b-bea3-87b196b4a3aa','88b0fd6d-53fe-4e13-b90f-eb955cf645cd','blue','8-bit','2010-10-15 17:39:20','2010-10-15 17:39:20');
INSERT INTO "files_informations" VALUES('4ecb4853-94ef-45ae-b3ed-3c76e772132f','88b0fd6d-53fe-4e13-b90f-eb955cf645cd','colorspace','RGB','2010-10-15 17:39:20','2010-10-15 17:39:20');
INSERT INTO "files_informations" VALUES('623faf71-326c-4a5d-9b98-934e1fe55d33','88b0fd6d-53fe-4e13-b90f-eb955cf645cd','compression','JPEG','2010-10-15 17:39:20','2010-10-15 17:39:20');
INSERT INTO "files_informations" VALUES('8333efb6-183f-4b32-8169-0a9ac754ea12','88b0fd6d-53fe-4e13-b90f-eb955cf645cd','depth','8-bit','2010-10-15 17:39:20','2010-10-15 17:39:20');
INSERT INTO "files_informations" VALUES('d7790193-0fd8-4c97-a03a-bcbee74d0b16','88b0fd6d-53fe-4e13-b90f-eb955cf645cd','extension','jpg','2010-10-15 17:39:20','2010-10-15 17:39:20');
INSERT INTO "files_informations" VALUES('8a617255-5972-4f4a-ae3a-497de90158e0','88b0fd6d-53fe-4e13-b90f-eb955cf645cd','format','JPEG','2010-10-15 17:39:20','2010-10-15 17:39:20');
INSERT INTO "files_informations" VALUES('e73b0739-7e1a-436f-a323-17812b8dca41','88b0fd6d-53fe-4e13-b90f-eb955cf645cd','format name','Joint Photographic Experts Group JFIF format','2010-10-15 17:39:21','2010-10-15 17:39:21');
INSERT INTO "files_informations" VALUES('a48fb728-1496-41b3-a75d-613615808d47','88b0fd6d-53fe-4e13-b90f-eb955cf645cd','green','8-bit','2010-10-15 17:39:21','2010-10-15 17:39:21');
INSERT INTO "files_informations" VALUES('a84b521d-7075-432c-afb0-a22939b41717','88b0fd6d-53fe-4e13-b90f-eb955cf645cd','height','2736','2010-10-15 17:39:21','2010-10-15 17:39:21');
INSERT INTO "files_informations" VALUES('62cbc74b-42aa-4517-af2d-5b1d4b06292d','88b0fd6d-53fe-4e13-b90f-eb955cf645cd','mime','image/jpeg','2010-10-15 17:39:21','2010-10-15 17:39:21');
INSERT INTO "files_informations" VALUES('5a2d5104-ec08-41af-98d3-defe9342e693','88b0fd6d-53fe-4e13-b90f-eb955cf645cd','pixels','9.981M','2010-10-15 17:39:21','2010-10-15 17:39:21');
INSERT INTO "files_informations" VALUES('17201b8a-1d5e-40e6-b37c-afb826316ad2','88b0fd6d-53fe-4e13-b90f-eb955cf645cd','print size','20.2667x15.2','2010-10-15 17:39:21','2010-10-15 17:39:21');
INSERT INTO "files_informations" VALUES('92910b4f-4850-47a9-b704-f7817eba28af','88b0fd6d-53fe-4e13-b90f-eb955cf645cd','quality','99','2010-10-15 17:39:21','2010-10-15 17:39:21');
INSERT INTO "files_informations" VALUES('336de499-56cf-42a7-b530-ee90b3894364','88b0fd6d-53fe-4e13-b90f-eb955cf645cd','red','8-bit','2010-10-15 17:39:21','2010-10-15 17:39:21');
INSERT INTO "files_informations" VALUES('e74ea0c7-43aa-485d-a517-7621808fa2b4','88b0fd6d-53fe-4e13-b90f-eb955cf645cd','resolution','180x180','2010-10-15 17:39:21','2010-10-15 17:39:21');
INSERT INTO "files_informations" VALUES('c0013df2-72dd-4ffe-885c-3affb8dea76c','88b0fd6d-53fe-4e13-b90f-eb955cf645cd','size','5223760','2010-10-15 17:39:21','2010-10-15 17:39:21');
INSERT INTO "files_informations" VALUES('fedbbc67-06e0-4dd4-89cd-488d632d89ea','88b0fd6d-53fe-4e13-b90f-eb955cf645cd','transparent color','black','2010-10-15 17:39:21','2010-10-15 17:39:21');
INSERT INTO "files_informations" VALUES('adcc3818-8bae-45a6-8f9f-64d66efeaf7a','88b0fd6d-53fe-4e13-b90f-eb955cf645cd','width','3648','2010-10-15 17:39:21','2010-10-15 17:39:21');
INSERT INTO "files_informations" VALUES('a1136890-0704-4397-a0d7-4071a3d7a29d','58dc43fb-3cf6-4f5b-8452-1447457d6362','background color','white','2010-10-15 17:39:30','2010-10-15 17:39:30');
INSERT INTO "files_informations" VALUES('53cbe4d2-fdc0-4ea4-9ed1-e381f37c1e1d','58dc43fb-3cf6-4f5b-8452-1447457d6362','blue','8-bit','2010-10-15 17:39:30','2010-10-15 17:39:30');
INSERT INTO "files_informations" VALUES('ca33729c-a963-4f53-afa6-f58c33eade92','58dc43fb-3cf6-4f5b-8452-1447457d6362','colorspace','RGB','2010-10-15 17:39:30','2010-10-15 17:39:30');
INSERT INTO "files_informations" VALUES('9f06a85a-f09c-48c6-bc3c-e1587cd26cf6','58dc43fb-3cf6-4f5b-8452-1447457d6362','compression','JPEG','2010-10-15 17:39:30','2010-10-15 17:39:30');
INSERT INTO "files_informations" VALUES('09f53ad8-8be3-4910-bd53-f6bee0905f06','58dc43fb-3cf6-4f5b-8452-1447457d6362','depth','8-bit','2010-10-15 17:39:30','2010-10-15 17:39:30');
INSERT INTO "files_informations" VALUES('64c4ca0d-fd6d-4086-bebb-0a754955e06c','58dc43fb-3cf6-4f5b-8452-1447457d6362','extension','jpg','2010-10-15 17:39:30','2010-10-15 17:39:30');
INSERT INTO "files_informations" VALUES('765f19dc-f8db-4662-a473-5db4b370bd96','58dc43fb-3cf6-4f5b-8452-1447457d6362','format','JPEG','2010-10-15 17:39:30','2010-10-15 17:39:30');
INSERT INTO "files_informations" VALUES('64f3d1e5-0721-4984-8df2-f8f9c4808b8c','58dc43fb-3cf6-4f5b-8452-1447457d6362','format name','Joint Photographic Experts Group JFIF format','2010-10-15 17:39:30','2010-10-15 17:39:30');
INSERT INTO "files_informations" VALUES('c3d70a09-a56a-4fa9-a6b5-59aac8b2d086','58dc43fb-3cf6-4f5b-8452-1447457d6362','green','8-bit','2010-10-15 17:39:30','2010-10-15 17:39:30');
INSERT INTO "files_informations" VALUES('f7a21150-5967-44c8-a108-953b8c17ed45','58dc43fb-3cf6-4f5b-8452-1447457d6362','height','2736','2010-10-15 17:39:30','2010-10-15 17:39:30');
INSERT INTO "files_informations" VALUES('a11f49b6-1330-4c29-8f0b-24b8b50d5ece','58dc43fb-3cf6-4f5b-8452-1447457d6362','mime','image/jpeg','2010-10-15 17:39:30','2010-10-15 17:39:30');
INSERT INTO "files_informations" VALUES('d9c05ee2-cf83-4466-bbe3-592a4e060c89','58dc43fb-3cf6-4f5b-8452-1447457d6362','pixels','9.981M','2010-10-15 17:39:30','2010-10-15 17:39:30');
INSERT INTO "files_informations" VALUES('e1ef2819-48c4-435e-bafa-75b2ef522b1f','58dc43fb-3cf6-4f5b-8452-1447457d6362','print size','20.2667x15.2','2010-10-15 17:39:30','2010-10-15 17:39:30');
INSERT INTO "files_informations" VALUES('a6f76280-d387-400d-8149-6b78270ddb5f','58dc43fb-3cf6-4f5b-8452-1447457d6362','quality','99','2010-10-15 17:39:30','2010-10-15 17:39:30');
INSERT INTO "files_informations" VALUES('f1a5bec8-0c50-44e1-b711-c6055f624905','58dc43fb-3cf6-4f5b-8452-1447457d6362','red','8-bit','2010-10-15 17:39:30','2010-10-15 17:39:30');
INSERT INTO "files_informations" VALUES('1b2418ae-4210-413c-af12-56b5b6b55509','58dc43fb-3cf6-4f5b-8452-1447457d6362','resolution','180x180','2010-10-15 17:39:30','2010-10-15 17:39:30');
INSERT INTO "files_informations" VALUES('102906c6-7bac-4abb-b650-62bfab3cd5e8','58dc43fb-3cf6-4f5b-8452-1447457d6362','size','4767001','2010-10-15 17:39:30','2010-10-15 17:39:30');
INSERT INTO "files_informations" VALUES('a8be112e-ab5c-4893-be44-44d90cec3a29','58dc43fb-3cf6-4f5b-8452-1447457d6362','transparent color','black','2010-10-15 17:39:30','2010-10-15 17:39:30');
INSERT INTO "files_informations" VALUES('4629519c-cc76-4e04-95ab-231b708174ec','58dc43fb-3cf6-4f5b-8452-1447457d6362','width','3648','2010-10-15 17:39:30','2010-10-15 17:39:30');
INSERT INTO "files_informations" VALUES('4340e9ca-0079-481f-86d9-5d08fffb1b1e','3e161a3f-ce12-473e-a3ea-86800a98de9a','background color','white','2010-10-15 17:39:39','2010-10-15 17:39:39');
INSERT INTO "files_informations" VALUES('57efe3b3-1f1e-4f1c-9a08-33cbd1d2802f','3e161a3f-ce12-473e-a3ea-86800a98de9a','blue','8-bit','2010-10-15 17:39:39','2010-10-15 17:39:39');
INSERT INTO "files_informations" VALUES('d6a98fde-7a8e-43fa-83ce-cfcdc525e61b','3e161a3f-ce12-473e-a3ea-86800a98de9a','colorspace','RGB','2010-10-15 17:39:39','2010-10-15 17:39:39');
INSERT INTO "files_informations" VALUES('ad42db07-965b-4a65-9693-4d90e3cf9dd8','3e161a3f-ce12-473e-a3ea-86800a98de9a','compression','JPEG','2010-10-15 17:39:39','2010-10-15 17:39:39');
INSERT INTO "files_informations" VALUES('9be61e01-f158-431a-beea-fb9e5d67d8dc','3e161a3f-ce12-473e-a3ea-86800a98de9a','depth','8-bit','2010-10-15 17:39:39','2010-10-15 17:39:39');
INSERT INTO "files_informations" VALUES('bb69fecf-5a89-4193-ae9b-56c5f0bf94d0','3e161a3f-ce12-473e-a3ea-86800a98de9a','extension','jpg','2010-10-15 17:39:39','2010-10-15 17:39:39');
INSERT INTO "files_informations" VALUES('220b67d4-642b-4ff6-9b42-46ac035fddf7','3e161a3f-ce12-473e-a3ea-86800a98de9a','format','JPEG','2010-10-15 17:39:39','2010-10-15 17:39:39');
INSERT INTO "files_informations" VALUES('e0673938-ca50-40a3-b7d9-8e8305e2c1af','3e161a3f-ce12-473e-a3ea-86800a98de9a','format name','Joint Photographic Experts Group JFIF format','2010-10-15 17:39:39','2010-10-15 17:39:39');
INSERT INTO "files_informations" VALUES('9433c937-f7e5-4eed-8c82-a0d493637281','3e161a3f-ce12-473e-a3ea-86800a98de9a','green','8-bit','2010-10-15 17:39:39','2010-10-15 17:39:39');
INSERT INTO "files_informations" VALUES('9abe4ef1-218c-495c-a277-5ee9e561e693','3e161a3f-ce12-473e-a3ea-86800a98de9a','height','2736','2010-10-15 17:39:39','2010-10-15 17:39:39');
INSERT INTO "files_informations" VALUES('456a4295-a392-4c52-996b-59e6a90b3d36','3e161a3f-ce12-473e-a3ea-86800a98de9a','mime','image/jpeg','2010-10-15 17:39:39','2010-10-15 17:39:39');
INSERT INTO "files_informations" VALUES('9e319bcd-0acb-40f7-bac0-b3053c0ec8fc','3e161a3f-ce12-473e-a3ea-86800a98de9a','pixels','9.981M','2010-10-15 17:39:39','2010-10-15 17:39:39');
INSERT INTO "files_informations" VALUES('2f28b438-dbed-4ce0-89b5-ae5f141c4c52','3e161a3f-ce12-473e-a3ea-86800a98de9a','print size','20.2667x15.2','2010-10-15 17:39:39','2010-10-15 17:39:39');
INSERT INTO "files_informations" VALUES('d2376b5a-a23a-439a-97f3-949e02d560ba','3e161a3f-ce12-473e-a3ea-86800a98de9a','quality','99','2010-10-15 17:39:39','2010-10-15 17:39:39');
INSERT INTO "files_informations" VALUES('18349f67-144e-47c4-a357-436095306921','3e161a3f-ce12-473e-a3ea-86800a98de9a','red','8-bit','2010-10-15 17:39:39','2010-10-15 17:39:39');
INSERT INTO "files_informations" VALUES('e01e9f60-72df-4ece-b4c3-76228f0a1002','3e161a3f-ce12-473e-a3ea-86800a98de9a','resolution','180x180','2010-10-15 17:39:39','2010-10-15 17:39:39');
INSERT INTO "files_informations" VALUES('8bc0805e-322f-45e1-b46f-1ea32fafbb8e','3e161a3f-ce12-473e-a3ea-86800a98de9a','size','5000503','2010-10-15 17:39:39','2010-10-15 17:39:39');
INSERT INTO "files_informations" VALUES('d40a6da7-c0a4-43ea-9c35-ed33ca13fd03','3e161a3f-ce12-473e-a3ea-86800a98de9a','transparent color','black','2010-10-15 17:39:39','2010-10-15 17:39:39');
INSERT INTO "files_informations" VALUES('39fa411f-53e6-49bd-bbcb-f59f5c95b5d9','3e161a3f-ce12-473e-a3ea-86800a98de9a','width','3648','2010-10-15 17:39:39','2010-10-15 17:39:39');
INSERT INTO "files_informations" VALUES('6f889e87-084c-482d-9c22-4aafe357afc4','9f962a35-08d3-4bdf-bff6-cd4ba72f3a2f','TIT1','Album','2010-10-15 17:39:47','2010-10-15 17:39:47');
INSERT INTO "files_informations" VALUES('9ff8a25b-0ade-4867-ac16-be8479563aed','9f962a35-08d3-4bdf-bff6-cd4ba72f3a2f','TSIZ','5161714','2010-10-15 17:39:47','2010-10-15 17:39:47');
INSERT INTO "files_informations" VALUES('0dd496f1-7e15-4b3f-ab7b-4db6161a0fc4','9f962a35-08d3-4bdf-bff6-cd4ba72f3a2f','TYER','2007','2010-10-15 17:39:47','2010-10-15 17:39:47');
INSERT INTO "files_informations" VALUES('6b5e185a-d748-4494-83c5-e1f262f16863','9f962a35-08d3-4bdf-bff6-cd4ba72f3a2f','album','Back To Black','2010-10-15 17:39:47','2010-10-15 17:39:47');
INSERT INTO "files_informations" VALUES('6fe6876f-b9ff-4e98-a618-f4058f0bc116','9f962a35-08d3-4bdf-bff6-cd4ba72f3a2f','album_artist','Amy Winehouse','2010-10-15 17:39:47','2010-10-15 17:39:47');
INSERT INTO "files_informations" VALUES('ec3bd962-80fa-4ddd-9f19-3ee6154c5d08','9f962a35-08d3-4bdf-bff6-cd4ba72f3a2f','artist','Amy Winehouse','2010-10-15 17:39:47','2010-10-15 17:39:47');
INSERT INTO "files_informations" VALUES('7c5e4a7d-e0fa-48f8-b4d0-bd926446e190','9f962a35-08d3-4bdf-bff6-cd4ba72f3a2f','audio codec','mp3','2010-10-15 17:39:47','2010-10-15 17:39:47');
INSERT INTO "files_informations" VALUES('f2d5d139-ed6a-47fd-b465-de7e207443f0','9f962a35-08d3-4bdf-bff6-cd4ba72f3a2f','audio codec name','MP3 (MPEG audio layer 3)','2010-10-15 17:39:47','2010-10-15 17:39:47');
INSERT INTO "files_informations" VALUES('f55fd935-b6df-4424-bab2-d7278256b91d','9f962a35-08d3-4bdf-bff6-cd4ba72f3a2f','audio time base','1/14112000','2010-10-15 17:39:47','2010-10-15 17:39:47');
INSERT INTO "files_informations" VALUES('bd610173-8e18-4904-afd0-618326742b70','9f962a35-08d3-4bdf-bff6-cd4ba72f3a2f','bit rate','199157','2010-10-15 17:39:47','2010-10-15 17:39:47');
INSERT INTO "files_informations" VALUES('8cf7b500-a4ad-42b4-a007-ff88ccabb1a3','9f962a35-08d3-4bdf-bff6-cd4ba72f3a2f','channels','2','2010-10-15 17:39:47','2010-10-15 17:39:47');
INSERT INTO "files_informations" VALUES('c116aa42-6740-414d-966a-2b1ab30c1aba','9f962a35-08d3-4bdf-bff6-cd4ba72f3a2f','composer',' ','2010-10-15 17:39:47','2010-10-15 17:39:47');
INSERT INTO "files_informations" VALUES('b5c8e16b-979b-4d3c-8ef2-1200e25121ed','9f962a35-08d3-4bdf-bff6-cd4ba72f3a2f','duration','215','2010-10-15 17:39:47','2010-10-15 17:39:47');
INSERT INTO "files_informations" VALUES('11afab1f-aba4-42e9-b035-f9a0b19be373','9f962a35-08d3-4bdf-bff6-cd4ba72f3a2f','extension','mp3','2010-10-15 17:39:47','2010-10-15 17:39:47');
INSERT INTO "files_informations" VALUES('eb8b0460-6c9e-45b6-b677-6625314e44b0','9f962a35-08d3-4bdf-bff6-cd4ba72f3a2f','format','mp3','2010-10-15 17:39:47','2010-10-15 17:39:47');
INSERT INTO "files_informations" VALUES('12fb6cfe-962d-4afc-b8fd-d70cc21caff4','9f962a35-08d3-4bdf-bff6-cd4ba72f3a2f','format name','MPEG audio layer 2/3','2010-10-15 17:39:47','2010-10-15 17:39:47');
INSERT INTO "files_informations" VALUES('9dc7bd1d-9da1-4dac-8005-bf26fbd281d8','9f962a35-08d3-4bdf-bff6-cd4ba72f3a2f','genre','Neo Soul / Jazz','2010-10-15 17:39:47','2010-10-15 17:39:47');
INSERT INTO "files_informations" VALUES('3d358e6d-b0fa-4a81-8259-fc2b15d6f0aa','9f962a35-08d3-4bdf-bff6-cd4ba72f3a2f','mime','audio/mpeg3','2010-10-15 17:39:47','2010-10-15 17:39:47');
INSERT INTO "files_informations" VALUES('d460c761-3241-4c73-b265-2f488b9402f9','9f962a35-08d3-4bdf-bff6-cd4ba72f3a2f','sample rate','44100','2010-10-15 17:39:47','2010-10-15 17:39:47');
INSERT INTO "files_informations" VALUES('67b44fc3-e996-41c4-9900-49e24509f227','9f962a35-08d3-4bdf-bff6-cd4ba72f3a2f','size','5353355','2010-10-15 17:39:47','2010-10-15 17:39:47');
INSERT INTO "files_informations" VALUES('95544bb5-653f-4cbf-8c3c-c8c43c4b4e71','9f962a35-08d3-4bdf-bff6-cd4ba72f3a2f','streams','1','2010-10-15 17:39:47','2010-10-15 17:39:47');
INSERT INTO "files_informations" VALUES('e436a60d-3584-46ee-8ce4-d0cd88aa2b7b','9f962a35-08d3-4bdf-bff6-cd4ba72f3a2f','title','Rehab','2010-10-15 17:39:47','2010-10-15 17:39:47');
INSERT INTO "files_informations" VALUES('ec271a33-7e57-4767-b102-9cc6a153c953','9f962a35-08d3-4bdf-bff6-cd4ba72f3a2f','track','1/11','2010-10-15 17:39:47','2010-10-15 17:39:47');
INSERT INTO "files_informations" VALUES('bc60882c-fca3-4035-9edb-3744c5b32930','f61b5274-2d7c-4041-89ca-9ff4516e8439','TIT1','Album','2010-10-15 17:39:56','2010-10-15 17:39:56');
INSERT INTO "files_informations" VALUES('8894b825-9648-481e-a719-b72bf424ffb8','f61b5274-2d7c-4041-89ca-9ff4516e8439','TSIZ','6175474','2010-10-15 17:39:56','2010-10-15 17:39:56');
INSERT INTO "files_informations" VALUES('54d79df9-9cb6-4d39-bb57-62b85bfecdeb','f61b5274-2d7c-4041-89ca-9ff4516e8439','TYER','2007','2010-10-15 17:39:56','2010-10-15 17:39:56');
INSERT INTO "files_informations" VALUES('fd999220-4b03-4f8c-9632-ffacc63b70b7','f61b5274-2d7c-4041-89ca-9ff4516e8439','album','Back To Black','2010-10-15 17:39:56','2010-10-15 17:39:56');
INSERT INTO "files_informations" VALUES('29d02ab6-daab-4db7-b247-fd7775215426','f61b5274-2d7c-4041-89ca-9ff4516e8439','album_artist','Amy Winehouse','2010-10-15 17:39:56','2010-10-15 17:39:56');
INSERT INTO "files_informations" VALUES('314e4cc9-774e-477d-a36a-739f5661a98f','f61b5274-2d7c-4041-89ca-9ff4516e8439','artist','Amy Winehouse','2010-10-15 17:39:56','2010-10-15 17:39:56');
INSERT INTO "files_informations" VALUES('923d87c7-f291-4d2f-9967-6fbd52152b3b','f61b5274-2d7c-4041-89ca-9ff4516e8439','audio codec','mp3','2010-10-15 17:39:56','2010-10-15 17:39:56');
INSERT INTO "files_informations" VALUES('94872b1f-c019-45ae-9532-3932ae2bd1e2','f61b5274-2d7c-4041-89ca-9ff4516e8439','audio codec name','MP3 (MPEG audio layer 3)','2010-10-15 17:39:56','2010-10-15 17:39:56');
INSERT INTO "files_informations" VALUES('a15a7152-6e63-45eb-affe-8e76435887b3','f61b5274-2d7c-4041-89ca-9ff4516e8439','audio time base','1/14112000','2010-10-15 17:39:56','2010-10-15 17:39:56');
INSERT INTO "files_informations" VALUES('d0dd242e-ee8a-4561-87f4-600ef78c06f3','f61b5274-2d7c-4041-89ca-9ff4516e8439','bit rate','197975','2010-10-15 17:39:56','2010-10-15 17:39:56');
INSERT INTO "files_informations" VALUES('8cf310f3-38ea-422a-b5aa-9c5218aa4057','f61b5274-2d7c-4041-89ca-9ff4516e8439','channels','2','2010-10-15 17:39:56','2010-10-15 17:39:56');
INSERT INTO "files_informations" VALUES('b7615712-d45c-4766-91ec-c5fb148c2f66','f61b5274-2d7c-4041-89ca-9ff4516e8439','composer',' ','2010-10-15 17:39:56','2010-10-15 17:39:56');
INSERT INTO "files_informations" VALUES('ba6c1da4-d1d3-4885-9989-9fb71804d62e','f61b5274-2d7c-4041-89ca-9ff4516e8439','duration','257','2010-10-15 17:39:56','2010-10-15 17:39:56');
INSERT INTO "files_informations" VALUES('fd4dbc0b-69a0-41b7-b4c3-7e54c6c7f4e3','f61b5274-2d7c-4041-89ca-9ff4516e8439','extension','mp3','2010-10-15 17:39:56','2010-10-15 17:39:56');
INSERT INTO "files_informations" VALUES('718d6acd-c6a5-4f99-b9c2-daa6614b6bfc','f61b5274-2d7c-4041-89ca-9ff4516e8439','format','mp3','2010-10-15 17:39:56','2010-10-15 17:39:56');
INSERT INTO "files_informations" VALUES('e4f4d93e-a463-4c77-91a2-859405afb6c3','f61b5274-2d7c-4041-89ca-9ff4516e8439','format name','MPEG audio layer 2/3','2010-10-15 17:39:56','2010-10-15 17:39:56');
INSERT INTO "files_informations" VALUES('9ec1f8d3-04b3-4088-9342-74c7ab5708f0','f61b5274-2d7c-4041-89ca-9ff4516e8439','genre','Neo Soul / Jazz','2010-10-15 17:39:56','2010-10-15 17:39:56');
INSERT INTO "files_informations" VALUES('ba8a288e-7a48-4e44-986f-4bf47991b0af','f61b5274-2d7c-4041-89ca-9ff4516e8439','mime','audio/mpeg3','2010-10-15 17:39:56','2010-10-15 17:39:56');
INSERT INTO "files_informations" VALUES('62f72aab-f5a7-42be-8c53-c7eee2edcc24','f61b5274-2d7c-4041-89ca-9ff4516e8439','sample rate','44100','2010-10-15 17:39:56','2010-10-15 17:39:56');
INSERT INTO "files_informations" VALUES('f17b358e-77b0-4962-aa6f-61d3cdc3819a','f61b5274-2d7c-4041-89ca-9ff4516e8439','size','6366905','2010-10-15 17:39:56','2010-10-15 17:39:56');
INSERT INTO "files_informations" VALUES('ce0b4948-fb95-451d-90a0-fb56ea2201bc','f61b5274-2d7c-4041-89ca-9ff4516e8439','streams','1','2010-10-15 17:39:56','2010-10-15 17:39:56');
INSERT INTO "files_informations" VALUES('deae397d-de3a-4896-acf6-4e3c07c5d2fa','f61b5274-2d7c-4041-89ca-9ff4516e8439','title','You Know I''m No Good','2010-10-15 17:39:56','2010-10-15 17:39:56');
INSERT INTO "files_informations" VALUES('2f2e72ed-53ce-4a94-a30f-a5b03712fa34','f61b5274-2d7c-4041-89ca-9ff4516e8439','track','2/11','2010-10-15 17:39:56','2010-10-15 17:39:56');
INSERT INTO "files_informations" VALUES('001ae0c9-e98b-411c-8e11-517c3014280a','92d5c945-2e7e-493e-aea6-ae661385a30c','TYER','2007','2010-10-15 17:40:39','2010-10-15 17:40:39');
INSERT INTO "files_informations" VALUES('93acb80a-17bf-40fb-83a0-56558f973f27','92d5c945-2e7e-493e-aea6-ae661385a30c','artist','Stephan Bodzin','2010-10-15 17:40:39','2010-10-15 17:40:39');
INSERT INTO "files_informations" VALUES('f9824050-9246-4c2b-a666-379d96255d6f','92d5c945-2e7e-493e-aea6-ae661385a30c','audio codec','mp3','2010-10-15 17:40:39','2010-10-15 17:40:39');
INSERT INTO "files_informations" VALUES('58a56d05-b66c-431c-a251-672ff8ebd55f','92d5c945-2e7e-493e-aea6-ae661385a30c','audio codec name','MP3 (MPEG audio layer 3)','2010-10-15 17:40:39','2010-10-15 17:40:39');
INSERT INTO "files_informations" VALUES('cc70643f-60f2-4f9a-a5ab-b4b4e78e991f','92d5c945-2e7e-493e-aea6-ae661385a30c','audio time base','1/14112000','2010-10-15 17:40:39','2010-10-15 17:40:39');
INSERT INTO "files_informations" VALUES('d1c2b446-96e5-4e6d-8db5-bbdd7aaac700','92d5c945-2e7e-493e-aea6-ae661385a30c','bit rate','320052','2010-10-15 17:40:39','2010-10-15 17:40:39');
INSERT INTO "files_informations" VALUES('17f3f4fd-d3e4-4c98-bbaa-75ee4350ce96','92d5c945-2e7e-493e-aea6-ae661385a30c','channels','2','2010-10-15 17:40:39','2010-10-15 17:40:39');
INSERT INTO "files_informations" VALUES('7450a1a8-5e60-48bc-aaa9-69c5a5688f7e','92d5c945-2e7e-493e-aea6-ae661385a30c','duration','527','2010-10-15 17:40:39','2010-10-15 17:40:39');
INSERT INTO "files_informations" VALUES('50533433-c315-408f-8102-9f38dd57d691','92d5c945-2e7e-493e-aea6-ae661385a30c','encoded_by','I''m Too Lame To Change The Default Settings','2010-10-15 17:40:39','2010-10-15 17:40:39');
INSERT INTO "files_informations" VALUES('43179fec-6fba-44b3-a71e-41e86450c921','92d5c945-2e7e-493e-aea6-ae661385a30c','extension','mp3','2010-10-15 17:40:39','2010-10-15 17:40:39');
INSERT INTO "files_informations" VALUES('8ddc7998-1d82-40c2-bbc4-746351fa9f3d','92d5c945-2e7e-493e-aea6-ae661385a30c','format','mp3','2010-10-15 17:40:39','2010-10-15 17:40:39');
INSERT INTO "files_informations" VALUES('3b7258f0-ec79-4e64-8dc3-49ed7bcf9528','92d5c945-2e7e-493e-aea6-ae661385a30c','format name','MPEG audio layer 2/3','2010-10-15 17:40:39','2010-10-15 17:40:39');
INSERT INTO "files_informations" VALUES('ae867680-f76f-45e6-a9de-252d08d985f2','92d5c945-2e7e-493e-aea6-ae661385a30c','genre','Electronic','2010-10-15 17:40:39','2010-10-15 17:40:39');
INSERT INTO "files_informations" VALUES('204cb032-adbf-4ef9-a41b-be68e7721ef6','92d5c945-2e7e-493e-aea6-ae661385a30c','language','English','2010-10-15 17:40:39','2010-10-15 17:40:39');
INSERT INTO "files_informations" VALUES('39b72684-06e3-44b1-9ecf-9ebe74dbb1bf','92d5c945-2e7e-493e-aea6-ae661385a30c','mime','audio/mpeg3','2010-10-15 17:40:39','2010-10-15 17:40:39');
INSERT INTO "files_informations" VALUES('ddf2628d-599e-4082-9c00-a513157ccc7a','92d5c945-2e7e-493e-aea6-ae661385a30c','sample rate','44100','2010-10-15 17:40:39','2010-10-15 17:40:39');
INSERT INTO "files_informations" VALUES('88dd3921-d893-422d-be30-5a330086d0db','92d5c945-2e7e-493e-aea6-ae661385a30c','size','21092645','2010-10-15 17:40:39','2010-10-15 17:40:39');
INSERT INTO "files_informations" VALUES('f4d9d877-1337-4a00-9475-6b784126eab6','92d5c945-2e7e-493e-aea6-ae661385a30c','streams','1','2010-10-15 17:40:39','2010-10-15 17:40:39');
INSERT INTO "files_informations" VALUES('438e0bd4-972a-44ee-9966-099de1da0196','92d5c945-2e7e-493e-aea6-ae661385a30c','title','Callisto','2010-10-15 17:40:39','2010-10-15 17:40:39');
INSERT INTO "files_informations" VALUES('c9a367fe-4bb0-4d3b-b5d2-cb0ba5fcc407','92d5c945-2e7e-493e-aea6-ae661385a30c','track','1','2010-10-15 17:40:39','2010-10-15 17:40:39');
INSERT INTO "files_informations" VALUES('350abcb1-f677-44d2-8e10-54f322de63cb','448c4156-e340-4f4a-93a5-3cd06002f11b','TYER','2005','2010-10-15 17:40:55','2010-10-15 17:40:55');
INSERT INTO "files_informations" VALUES('7ae4bc6c-d102-4685-833f-dc26bb4e9af1','448c4156-e340-4f4a-93a5-3cd06002f11b','artist','Paul van Dyk','2010-10-15 17:40:55','2010-10-15 17:40:55');
INSERT INTO "files_informations" VALUES('0a92015a-e38b-4e54-ae69-30f82f30b4e2','448c4156-e340-4f4a-93a5-3cd06002f11b','audio codec','mp3','2010-10-15 17:40:55','2010-10-15 17:40:55');
INSERT INTO "files_informations" VALUES('a2084a76-e213-46ce-9804-9184664ddc16','448c4156-e340-4f4a-93a5-3cd06002f11b','audio codec name','MP3 (MPEG audio layer 3)','2010-10-15 17:40:55','2010-10-15 17:40:55');
INSERT INTO "files_informations" VALUES('6f073213-339e-4539-a85b-de5900ad0dda','448c4156-e340-4f4a-93a5-3cd06002f11b','audio time base','1/14112000','2010-10-15 17:40:55','2010-10-15 17:40:55');
INSERT INTO "files_informations" VALUES('4536ed59-ba32-4d0e-a9af-164a450399d5','448c4156-e340-4f4a-93a5-3cd06002f11b','bit rate','191999','2010-10-15 17:40:55','2010-10-15 17:40:55');
INSERT INTO "files_informations" VALUES('db266008-8122-404c-8d93-b1568a20f3b6','448c4156-e340-4f4a-93a5-3cd06002f11b','channels','2','2010-10-15 17:40:55','2010-10-15 17:40:55');
INSERT INTO "files_informations" VALUES('3f384a1a-2327-45ff-901c-d195761b3e64','448c4156-e340-4f4a-93a5-3cd06002f11b','duration','427','2010-10-15 17:40:55','2010-10-15 17:40:55');
INSERT INTO "files_informations" VALUES('334b0209-1c58-496b-bbd8-6a4c7614eddb','448c4156-e340-4f4a-93a5-3cd06002f11b','extension','mp3','2010-10-15 17:40:55','2010-10-15 17:40:55');
INSERT INTO "files_informations" VALUES('9d87f223-80c5-4369-ba38-2915ef0f0ef1','448c4156-e340-4f4a-93a5-3cd06002f11b','format','mp3','2010-10-15 17:40:55','2010-10-15 17:40:55');
INSERT INTO "files_informations" VALUES('c85dfd52-6a5f-4935-9a77-adc4c963f5ec','448c4156-e340-4f4a-93a5-3cd06002f11b','format name','MPEG audio layer 2/3','2010-10-15 17:40:55','2010-10-15 17:40:55');
INSERT INTO "files_informations" VALUES('3a79a324-5479-4511-a638-2cd0ff32df83','448c4156-e340-4f4a-93a5-3cd06002f11b','genre','Trance','2010-10-15 17:40:55','2010-10-15 17:40:55');
INSERT INTO "files_informations" VALUES('508b9fb7-4593-4b7a-94a6-47b1b1a35a82','448c4156-e340-4f4a-93a5-3cd06002f11b','mime','audio/mpeg3','2010-10-15 17:40:55','2010-10-15 17:40:55');
INSERT INTO "files_informations" VALUES('e21e5704-f805-4969-8042-c1407132e2d9','448c4156-e340-4f4a-93a5-3cd06002f11b','sample rate','44100','2010-10-15 17:40:55','2010-10-15 17:40:55');
INSERT INTO "files_informations" VALUES('df9e4388-e4bd-4bde-bfe2-3fcb5bf1598c','448c4156-e340-4f4a-93a5-3cd06002f11b','size','10257946','2010-10-15 17:40:55','2010-10-15 17:40:55');
INSERT INTO "files_informations" VALUES('921cc0d0-c814-4d57-8b21-3e76e9517311','448c4156-e340-4f4a-93a5-3cd06002f11b','streams','1','2010-10-15 17:40:55','2010-10-15 17:40:55');
INSERT INTO "files_informations" VALUES('1ebd245b-e0c4-4f97-87c3-9118351357c1','448c4156-e340-4f4a-93a5-3cd06002f11b','title','Finary','2010-10-15 17:40:55','2010-10-15 17:40:55');

INSERT INTO "events" VALUES('5aa12070-9233-11de-8a39-0800200c9a66', 'Event de Test', 'ab4bfbf0-9231-11de-8a39-0800200c9a66', '94dfdce5-9233-11de-8a39-0800200c9a66', datetime('now'), datetime('now'));

INSERT INTO "events_informations" VALUES('idEventInformation', '5aa12070-9233-11de-8a39-0800200c9a66','Klef','Valeur', datetime('now'), datetime('now'));

INSERT INTO "limits" VALUES('idLimit', 'ab4bfbf0-9231-11de-8a39-0800200c9a66', '', 'Regions', 'Bordeaux', datetime('now'), datetime('now'));

INSERT INTO "permissions" VALUES('idPermission', 'ab4bfbf0-9231-11de-8a39-0800200c9a66','94dfdce5-9233-11de-8a39-0800200c9a66','read', 1, datetime('now'), datetime('now'));

INSERT INTO "tags" VALUES('idtag', '94dfdce3-9233-11de-8a39-0800200c9a66','Toto', datetime('now'), datetime('now'));
